<?xml version="1.0" encoding="UTF-8"?>
<!DOCTYPE mapper PUBLIC "-//mybatis.org//DTD Mapper 3.0//EN" 
"http://mybatis.org/dtd/mybatis-3-mapper.dtd">
<mapper namespace="com.oracle.samil.HbDao.CardDao">

	<select id="getCardList" resultType="Card">
		select  c.cardNum, c.cardBank, c.cardPermit, d.name
		From card c, emp d
		where d.empno(+) = c.empno
 	</select>
 	
	<insert id="cardAdd" parameterType="Card">
	    insert into card (cardNum, cardBank, empno, cardDelGubun)
	    values (#{cardNum}, #{cardBank}, #{empno}, #{cardDelGubun})
	</insert>
	
	<select id="getCardUseList" resultType="CardUse">
		select  cu. cardNum, cu.place, e.name, cu.usedate, c.empno,cu.cardCost, e.deptno, cu.useNum
		From card c, cardUse cu, emp e
		WHERE c.empno(+) = e.empno
		AND      cu.cardNum = c.cardNum
		Order by cu.usedate desc
 	</select>
 	
		<select id="getCardDetails" parameterType="Card" resultType="Card">
     		SELECT c.*, e.*
    		FROM Card c,  Emp e
   			Where c.empno = e.empno
    		and c.cardNum = #{cardNum}
		</select>

		<select id="getMaxUseNum" resultType="int">
		    SELECT COALESCE(MAX(useNum), 0) FROM CardUse
		</select>
		
		<insert id="cardUseAdd" parameterType="CardUse">
		    INSERT INTO cardUse (useNum, cardNum, cardCost, place, useDate, cardPaper )
		    VALUES (#{useNum}, #{cardNum}, #{cardCost}, #{place}, #{useDate}, #{cardPaper})
		</insert>

 	
	<update id="setLostCard" parameterType="Card">
		UPDATE card
        SET cardDelGubun = 110
        WHERE cardNum = #{cardNum} AND cardDelGubun = 100
	</update>
	
<select id="searchCard" parameterType="CardUse" resultType="CardUse">
    SELECT * 
    FROM 
    ( 
        SELECT ROWNUM rn, a.* 
        FROM 
        (
            SELECT 
                cu.useNum, 
                cu.cardNum, 
                cu.cardCost, 
                cu.place, 
                cu.useDate, 
                cu.cardPaper, 
                e.name AS empName, 
                e.deptno AS empDeptNo, 
                c.cardBank, 
                c.cardPermit, 
                c.cardLostDate
            FROM 
                CardUse cu
            Inner JOIN 
                Card c ON cu.cardNum = c.cardNum
            Inner JOIN 
                emp e ON c.empno = e.empno 
            WHERE 
                ( 
                    (#{search} = 'cardNum' AND cu.cardNum LIKE '%' || #{keyword} || '%') OR
                    (#{search} = 'name' AND e.name LIKE '%' || #{keyword} || '%') OR
                    (#{search} = 'deptno' AND e.deptno LIKE '%' || #{keyword} || '%') OR
                    (#{search} = 'useDate' AND cu.useDate LIKE '%' || #{keyword} || '%')
                )
            ORDER BY 
                cu.useDate DESC
        ) a
    )
</select>


</mapper>

